config_id,optimizer,learning_rate,batch_size,lstm_units_1,lstm_units_2,dropout_rate,epochs,train_accuracy,val_accuracy,test_accuracy,test_precision,test_recall,test_f1_score,model_path
1,Adam,0.001,32,128,64,0.3,1,0.09775910526514053,0.09934640675783157,0.10065359622240067,0.010131146140373361,0.10065359477124183,0.018409327309704564,d:\CodingRelated\Codes.Ams\ANNFINAL\trained_models\model_1_Adam.h5
2,Adam,0.0001,64,128,64,0.3,1,0.0865546241402626,0.09673202782869339,0.09150326997041702,0.08246766494169015,0.0915032679738562,0.05318754857767431,d:\CodingRelated\Codes.Ams\ANNFINAL\trained_models\model_2_Adam.h5
3,RMSprop,0.001,32,64,32,0.2,1,0.09215686470270157,0.08366013318300247,0.08235294371843338,0.03070048768003071,0.08235294117647059,0.042510135367278226,d:\CodingRelated\Codes.Ams\ANNFINAL\trained_models\model_3_RMSprop.h5
4,RMSprop,0.0001,64,128,64,0.5,1,0.0946778729557991,0.10196078568696976,0.09281045943498611,0.0598082789165466,0.09281045751633987,0.06661123853738624,d:\CodingRelated\Codes.Ams\ANNFINAL\trained_models\model_4_RMSprop.h5
5,SGD,0.001,32,128,64,0.3,1,0.09187675267457962,0.10196078568696976,0.10457516461610794,0.06214041114412883,0.10457516339869281,0.06982157460899636,d:\CodingRelated\Codes.Ams\ANNFINAL\trained_models\model_5_SGD.h5
6,SGD,0.0001,64,64,32,0.5,1,0.09439776092767715,0.09803921729326248,0.09281045943498611,0.10122979265561331,0.09281045751633987,0.07593773741561637,d:\CodingRelated\Codes.Ams\ANNFINAL\trained_models\model_6_SGD.h5
