config,optimizer,lr,wd,batch_size,train_acc,val_acc,test_acc
1,Adam,0.0015,0.0,48,0.2421875,0.006944444444444444,0.008665511265164644
2,Adam,0.001,0.0,48,0.22395833333333334,0.020833333333333332,0.012131715771230503
3,Adam,0.0008,0.0,48,0.2191220238095238,0.015625,0.01559792027729636
4,RMSprop,0.001,0.0,48,0.23028273809523808,0.010416666666666666,0.008665511265164644
