config,optimizer,lr,wd,batch_size,train_acc,val_acc,test_acc
1,Adam,0.0008,0.0001,64,0.8366533864541833,0.8340486409155937,0.83
2,Adam,0.001,0.0001,64,0.828991725406068,0.8240343347639485,0.7942857142857143
3,Adam,0.0005,0.0001,64,0.8317499233833895,0.821173104434907,0.8028571428571428
4,RMSprop,0.0008,0.0,64,0.8443150475022985,0.804005722460658,0.7871428571428571
5,RMSprop,0.0005,0.0,64,0.8314434569414649,0.8311874105865522,0.8171428571428572
